"","HISPAN","Freq"
"1","Not Hispanic",268223641.199989
"2","Mexican",36284395.9500001
"3","Puerto Rican",5588472.60000003
"4","Cuban",2209471.65
"5","Other",14843891.2500001
