"","HISPAN","Freq"
"1","Not Hispanic",258321541.859987
"2","Mexican",32985789.8999997
"3","Puerto Rican",4767920.14
"4","Cuban",1887654.44
"5","Other",11292586.76
