"","HISPAN","Freq"
"1","Not Hispanic",246263769.359962
"2","Mexican",20883314.7599934
"3","Puerto Rican",3401238.96000002
"4","Cuban",1268078.27999999
"5","Other",9683553.59999992
